File,Line Count,Total Nucleotides,A,T,C,G,GC_Content(%)
split_part_10.fasta,1,71,31,13,9,17,36.62
split_part_11.fasta,1,71,29,22,7,12,26.76
split_part_12.fasta,5,351,128,87,71,64,38.46
split_part_13.fasta,1,71,29,12,10,19,40.85
split_part_14.fasta,1,71,35,15,9,11,28.17
split_part_15.fasta,1,71,28,17,12,13,35.21
split_part_16.fasta,1,71,21,28,8,13,29.58
split_part_17.fasta,1,71,29,12,15,14,40.85
split_part_18.fasta,1,71,26,17,12,15,38.03
split_part_19.fasta,1,71,25,17,12,16,39.44
split_part_1.fasta,39,2661,900,542,535,683,45.77
split_part_20.fasta,1,71,32,16,3,19,30.99
split_part_21.fasta,1,71,29,7,11,23,47.89
split_part_22.fasta,1,71,13,17,16,24,56.34
split_part_23.fasta,1,71,21,16,13,20,46.48
split_part_24.fasta,1,71,19,14,18,19,52.11
split_part_25.fasta,1,71,16,18,18,18,50.70
split_part_26.fasta,1,71,21,18,10,21,43.66
split_part_27.fasta,1,71,35,13,13,9,30.99
split_part_28.fasta,1,71,27,22,5,16,29.58
split_part_29.fasta,1,71,21,28,4,17,29.58
split_part_2.fasta,3,211,95,44,30,41,33.65
split_part_30.fasta,1,71,19,17,19,15,47.89
split_part_31.fasta,1,71,27,8,12,23,49.30
split_part_32.fasta,1,71,13,17,21,19,56.34
split_part_33.fasta,1,71,17,19,12,22,47.89
split_part_34.fasta,1,71,20,18,14,18,45.07
split_part_35.fasta,1,71,22,15,11,22,46.48
split_part_36.fasta,1,71,26,16,7,21,39.44
split_part_37.fasta,1,71,21,12,9,28,52.11
split_part_38.fasta,1,71,25,12,18,15,46.48
split_part_39.fasta,1,71,19,14,16,21,52.11
split_part_3.fasta,29,2031,797,445,333,455,38.80
split_part_40.fasta,1,71,23,17,11,19,42.25
split_part_41.fasta,1,71,23,16,20,11,43.66
split_part_42.fasta,1,71,19,15,18,18,50.70
split_part_43.fasta,1,71,25,11,15,19,47.89
split_part_44.fasta,1,71,17,15,13,25,53.52
split_part_45.fasta,1,71,16,15,19,20,54.93
split_part_46.fasta,1,71,13,12,17,28,63.38
split_part_47.fasta,1,71,10,23,18,19,52.11
split_part_48.fasta,1,71,14,21,17,18,49.30
split_part_49.fasta,1,60,16,17,14,12,43.33
split_part_4.fasta,2,141,56,27,20,37,40.43
split_part_50.fasta,1,1,0,0,0,0,0.00
split_part_5.fasta,1,71,26,15,5,24,40.85
split_part_6.fasta,1,71,24,19,11,16,38.03
split_part_7.fasta,13,911,311,211,179,209,42.59
split_part_8.fasta,7,491,177,118,71,124,39.71
split_part_9.fasta,1,71,25,23,11,11,30.99
